url_path,views_total,views_unique
/DesirePathGames/Slay-The-Robot,156,87
/DesirePathGames/Slay-The-Robot/wiki,30,22
/DesirePathGames/Slay-The-Robot/forks,13,3
/DesirePathGames/Slay-The-Robot/wiki/Cards,10,9
/DesirePathGames/Slay-The-Robot/issues,10,7
/DesirePathGames/Slay-The-Robot/blob/main/autoload/GlobalTestDataGenerator.gd,8,1
/DesirePathGames/Slay-The-Robot/releases/tag/major,6,6
/DesirePathGames/Slay-The-Robot/wiki/Animations,6,6
/DesirePathGames/Slay-The-Robot/wiki/Artifacts,6,5
/DesirePathGames/Slay-The-Robot/tree/main/data,5,5
